point,elapsed_ms,map,instance,x,y,z,orientation
1,0,654,0,-1670.208984,2532.017822,97.847351,4.370440
2,3008,654,0,-1675.978394,2517.604980,97.895760,4.150533
3,4013,654,0,-1691.039185,2493.514160,95.199455,4.189802
4,5016,654,0,-1698.949463,2476.816895,88.677597,4.448978
5,6020,654,0,-1699.387329,2456.384521,82.790123,4.798473
6,7024,654,0,-1699.788818,2434.091064,76.719666,4.433271
7,8029,654,0,-1709.707764,2416.309570,68.762871,4.095557
8,9033,654,0,-1720.796509,2399.375732,62.494289,4.150532
9,10036,654,0,-1731.426880,2377.932617,60.510536,4.417556
10,11041,654,0,-1737.210449,2360.107910,63.804928,4.335093
11,12043,654,0,-1742.301147,2347.102783,66.545227,4.382216
12,13047,654,0,-1751.768799,2317.832275,71.933067,4.413630
13,14050,654,0,-1758.718628,2299.479980,76.103416,4.276193
14,15054,654,0,-1768.257935,2282.035889,79.846321,4.146608
15,16059,654,0,-1783.463379,2263.960205,83.940468,3.867798
16,17063,654,0,-1794.648682,2256.458252,86.483452,3.620398
17,18066,654,0,-1815.440796,2244.385742,89.301147,3.753916
18,19073,654,0,-1831.924194,2228.286133,89.315277,4.068072
19,20075,654,0,-1844.138672,2211.308594,89.315277,4.119120
20,21081,654,0,-1855.768677,2192.637939,89.315277,4.024873
21,22082,654,0,-1868.905273,2176.885010,89.315277,4.233000
22,23087,654,0,-1871.286743,2154.983398,89.315277,4.763134
23,24092,654,0,-1871.739746,2134.568115,89.315277,4.716012
24,25100,654,0,-1871.713013,2114.946533,89.315277,4.653181
25,26102,654,0,-1872.537476,2095.666260,89.315277,4.676742
26,27108,654,0,-1873.507324,2069.623779,89.315277,4.653182
27,28110,654,0,-1877.489014,2053.107910,89.315277,4.178022
28,29114,654,0,-1887.788208,2031.605103,89.315277,4.712088
29,30119,654,0,-1885.284912,2013.717773,89.315277,4.845604
30,31123,654,0,-1880.732910,1990.742554,89.315277,4.951631
31,32127,654,0,-1876.880859,1970.909912,89.177711,4.971266
32,33130,654,0,-1874.882935,1952.190796,89.136772,4.692458
33,34132,654,0,-1876.749023,1928.196167,89.141983,4.531461
34,35133,654,0,-1885.715088,1910.464722,89.150116,3.761779
35,36136,654,0,-1906.998047,1903.358643,89.284882,3.141314
36,37139,654,0,-1925.407593,1903.607300,89.285049,3.160949
37,38142,654,0,-1940.426392,1902.899048,89.285049,3.192365
38,39144,654,0,-1966.974487,1902.214966,89.285049,3.102044
39,40148,654,0,-1987.624390,1903.401245,89.285049,3.180584
40,41152,654,0,-2010.904785,1904.948486,88.014496,2.854643
41,42153,654,0,-2028.583862,1913.618042,85.354881,2.760396
42,43155,654,0,-2049.820557,1912.168091,79.059845,3.569356
43,44157,654,0,-2068.638672,1902.000610,70.101616,3.683239
44,45159,654,0,-2083.401123,1889.593994,60.337761,3.950274
45,46161,654,0,-2099.785889,1872.706909,48.438347,4.056301
46,47165,654,0,-2109.057861,1856.895752,40.294449,4.178038
47,48167,654,0,-2118.064453,1838.630249,32.182632,4.248722
48,49171,654,0,-2131.883789,1822.820923,24.410097,3.746071
49,50175,654,0,-2153.620361,1811.304199,16.945030,3.514379
50,51178,654,0,-2163.850098,1807.890259,14.592615,3.380861
51,52179,654,0,-2192.551758,1806.182129,12.504694,2.929257
52,53181,654,0,-2211.629639,1808.787476,11.882579,3.094190
53,54185,654,0,-2227.502930,1809.181396,11.874860,3.263051
